ts,bar_idx,setup_type,side,entry,vol_z_1m,vol_z_15m,vol_z_1h,atr_1h_pct,atr_ratio_20,bb_width_pct,ema50_200_spread_pct,adx_1h,trend_slope_6h_pct,rsi_1h,rsi_15m,mfi_1h,eth_rsi_1h,btc_eth_corr_30h,session,hour_utc,last5_close_lean,last5_wick_imbalance,verdict,pnl_pct,hold_minutes,class
1748133960000,25260,long_pdl_bounce,long,107342.6,0.3112766340898331,0.17739533037600347,0.41373478055989377,0.4403720054306081,0.6418687647539713,1.9314719548861468,1.4443912178262228,50.72024116154509,-1.2709252969460436,22.643691492005587,19.037485194158975,36.89706127052705,50.0,0.0,ASIA,0,0.5382780545043688,0.1837793667007093,EXPIRE,0.7249,240,NEUTRAL
1748166360000,25800,long_pdl_bounce,long,106804.3,0.8227053355445992,0.08465959010992034,1.1245075198226306,0.5125828538177082,0.96204978812532,2.319739369476663,1.0390281522646336,76.22210959466175,-0.8918759525698298,23.69665110042679,25.98818077654687,21.015989531266413,50.0,0.0,EU,9,0.475336726299039,1.6466602129718453,EXPIRE,0.6311,240,NEUTRAL
1748443560000,30420,long_pdl_bounce,long,107566.4,1.0665348633644327,1.2822611557811787,3.7994451681835435,0.45864060836896536,0.7929393435946587,1.6974746854083917,0.7818153388769629,64.54487612069882,-1.391896310039069,24.190040279409644,17.77269577991592,29.835112810990324,50.0,0.0,US,14,0.44557504060782466,0.3468818782097071,EXPIRE,0.0846,240,NEUTRAL
1748461560000,30720,long_pdl_bounce,long,107003.9,2.8711124050686943,1.1117944198859004,0.21992588538086688,0.4983035031280876,0.8477981253068719,2.6293085840152197,0.29434705978262454,62.87173021626607,-1.0386380113714986,24.51176261822792,41.68767699880638,26.65994627199899,50.0,0.0,US,19,0.5194398127312188,0.2908356475636982,TP1,0.5997,240,TRUE
1748493960000,31260,long_pdl_bounce,long,106989.2,0.2781931749035294,2.2036091950297463,0.6908673590909314,0.5563057297161997,1.30724940156065,2.214494410458933,-0.014297895822435451,14.807556073775416,0.1524291315338419,50.46234933750616,41.19569320010347,45.067111997367626,50.0,0.0,ASIA,4,0.5222144195396263,0.5155943950579522,TP1,1.0522,240,TRUE
1748540760000,32040,long_pdl_bounce,long,106500.3,2.509144486984709,0.546987121880602,1.1578658837306086,0.6033386586020741,1.1591068869148486,2.388913259484036,-0.016419891800091898,56.391184199569594,-2.2763776817469035,29.67921428037934,33.39896539996792,29.56178932683052,50.0,0.0,US,17,0.4769938294358062,0.5932183640175847,EXPIRE,-0.2587,240,NEUTRAL
1748688360000,34500,long_pdl_bounce,long,103108.0,0.8659374047275694,-0.6649861826212285,-0.6185853003839088,0.48579302913506495,0.8135459182259445,2.177809083810376,-2.360709611732455,75.9329208883085,-0.3872384695410935,31.735758574827088,36.445685530754645,20.90238730915482,50.0,0.0,EU,10,0.469151787382948,0.10533257961233104,NO_FILL,0.0,0,NEUTRAL
1748864760000,37440,long_pdl_bounce,long,103841.8,0.934398475496153,0.5256582481517796,0.8720381160752575,0.4227246288334835,1.1958241514110406,1.504558245681778,-1.3539780771797132,24.69985374691589,-0.7499013438319785,25.73893357802598,6.624327900787719,37.06613927722803,50.0,0.0,EU,11,0.2749400545130062,3.519129519128688,EXPIRE,0.3152,240,NEUTRAL
1749109560000,41520,long_pdl_bounce,long,104261.0,0.40310206180676844,-0.20337303552256303,-0.4423530051137388,0.33814186708830435,0.9459381053976414,0.9397981941230059,-0.6499348469520472,36.10294343643408,-0.24516363267086755,39.98820484502911,25.866140484341628,42.81410925926629,50.0,0.0,ASIA,7,0.38164684339331884,0.0,SL,-0.6602,165,FALSE
1749145560000,42120,long_pdl_bounce,long,103017.5,0.5405732555504561,-0.902848074462917,0.7839758847778031,0.5856033597595885,1.25185070453847,2.054848656969633,-0.7910348314298592,35.57340234508707,-1.5146363846231718,32.48744541590517,33.32584421128284,29.94401135460511,50.0,0.0,US,17,0.2805825595363443,0.8113856740694834,SL,-0.4638,3,FALSE
1749671160000,50880,long_pdl_bounce,long,108363.5,1.0159676752689202,-1.0712376713023088,-0.3013695636054721,0.4357126718079497,0.6937795295717009,1.1331345185362633,1.9930651309227336,17.53312138663058,-0.8584934903905809,36.737215337938956,30.177926300577866,45.64780376907841,50.0,0.0,US,19,0.36964985446888393,1.0738206697881971,EXPIRE,0.1355,240,NEUTRAL
1749764760000,52440,long_pdl_bounce,long,105894.5,0.8087829580233703,-0.7086288802717502,-0.22790338983884492,0.6733411832987078,1.2462124616715724,2.388971387177969,0.8045572292117149,41.67573603868716,-1.0527284611097167,35.24053443043647,26.682275364953696,27.97434749198503,50.0,0.0,US,21,0.6277482975329145,0.8657706556385978,SL,-0.6963,122,FALSE
1749915960000,54960,long_pdl_bounce,long,104555.4,2.05817818448881,1.27609549060021,-0.0011746912025674453,0.24368327585189614,0.38282683766661,1.2501241522810755,-0.7494485801912173,94.95740011618145,-0.019988125375127192,27.37116257653264,46.74685102755951,29.93947550142417,50.0,0.0,US,15,0.47349822717539425,0.8829005389517528,EXPIRE,0.1965,240,NEUTRAL
1749919560000,55020,long_pdl_bounce,long,104336.5,3.6700110927202427,3.9467462878453397,0.9746992557585681,0.26110600044488225,0.4302523575189129,1.4124321479116586,-0.6591596092557028,95.43195439263263,-0.5276258161930497,22.683043167183584,26.00733338705743,26.91624880996919,50.0,0.0,US,16,0.4239057141757504,0.1892752203722787,TP1,0.9121,240,TRUE
1750535160000,65280,long_pdl_bounce,long,102167.8,1.3559509905211078,0.24749779849321224,3.592387969437111,0.3339719947459575,0.533972025425669,1.5046947571392937,-1.1444105204245536,53.69135308763113,-1.2814141697552386,25.055674091292317,12.723370002684021,28.52452558460567,50.0,0.0,US,19,0.4347263100216211,1.1434179167252532,SL,-0.5405,1,FALSE
1750549560000,65520,long_pdl_bounce,long,100964.9,1.45111285533658,2.1324674093458085,2.361114303351735,0.5660944552254892,0.9816298630908183,2.797518011627817,-1.1099946352833425,89.29633354023315,-1.0301795896958987,29.652307794029227,46.024382870512625,31.073135132873148,50.0,0.0,US,23,0.5952657839452346,0.15868948975133917,TP2,1.4789,17,TRUE
1750621560000,66720,long_pdl_bounce,long,98702.2,2.068251952507179,-0.6014869768014512,-0.40351113552344564,0.8331591493240177,1.4717670198556354,5.88948792632167,-1.8804928530717908,67.20924677873343,-1.9658028312113427,22.378801431748983,51.31609351637882,27.5673450760911,50.0,0.0,US,19,0.21929489571829103,4.210648918468771,TP2,1.2382,116,TRUE
1751031960000,73560,long_pdl_bounce,long,106366.6,1.0055473771242442,1.6930749698767464,0.6361058011952695,0.3931530685120978,0.9633860270836463,1.0646601874924662,1.5206433347029231,61.15064373826929,-0.045588221395942,47.454437520949,43.065952553674265,40.41618512814743,50.0,0.0,EU,13,0.14064073428522486,1.9383675735698094,TP1,0.1593,240,TRUE
1751291160000,77880,long_pdl_bounce,long,107364.1,2.6669493430933304,3.4970138859450097,1.2168885784521422,0.3006476484253712,1.1059763975428776,1.6349899944599517,1.1617236741886547,28.248978781192886,-0.08232194151545644,29.50745326918556,50.2026228821796,24.579191226054547,50.0,0.0,EU,13,0.3741368059064608,1.7098400556319382,EXPIRE,0.0617,240,NEUTRAL
1751345160000,78780,long_pdl_bounce,long,106769.2,3.341206584605448,1.8799258456634338,-0.4647943873599816,0.4047469349261254,1.1925185424273588,0.9840509379980931,1.020471356367172,29.38079976652219,-0.21580063997982893,51.210700189307204,24.654959713174108,50.94468380715462,50.0,0.0,ASIA,4,0.12381448091605798,0.00271739130688017,EXPIRE,-0.145,240,NEUTRAL
1751352360000,78900,long_pdl_bounce,long,106650.0,0.8334213263668684,-0.6378415461321857,-0.856837356978089,0.32537220673296546,0.9450782376266845,1.0531362221163292,0.9706226776151217,46.25336123549811,-0.45284363451323195,35.977791925846645,33.848114476087716,26.134594051460937,50.0,0.0,ASIA,6,0.8561754587717232,4.007352941164571,EXPIRE,-0.3343,240,NEUTRAL
1751359560000,79020,long_pdl_bounce,long,106526.2,1.22388724361262,-0.005675756454475353,-0.38512891708020036,0.3392026655284174,1.1171217171132848,1.0673029293250997,0.8766458177147763,15.946348733232922,-0.3656058088345823,40.91702385628179,48.5295704311101,36.32420904366256,50.0,0.0,EU,8,0.367732579170296,0.9891799544426081,EXPIRE,-0.1772,240,NEUTRAL
1751381160000,79380,long_pdl_bounce,long,105550.6,2.0629114091719187,1.9140881521714905,3.347292541766739,0.40123739842880995,0.9519531228970581,1.5457811919775275,0.7033188564096255,39.787253240828775,-0.735750273732234,28.099642238752864,39.183079660615796,33.6474898070493,50.0,0.0,US,14,0.19574644068535402,1.753652804741114,TP1,-0.0454,240,TRUE
1751615160000,83280,long_pdl_bounce,long,108646.3,0.8957814453226082,2.55346019054151,0.44534790491049936,0.2832126429228541,0.7640786441303196,1.3752973872106615,1.0087675601072215,38.30572607959165,-0.7306026730043174,27.200328144810243,32.454146996954265,25.951868111958234,50.0,0.0,ASIA,7,0.27406188725083636,1.2849491162296456,EXPIRE,0.1352,240,NEUTRAL
1751640360000,83700,long_pdl_bounce,long,107621.5,3.849124493997758,1.088514370788541,3.4482797185995957,0.3511183696185083,0.6187630942624625,2.021525170797953,0.7933034252290041,69.31321262454532,-0.8764722799827284,16.662804819585446,15.90881462179648,14.963610040184847,50.0,0.0,US,14,0.2234259684245014,1.498749715844173,EXPIRE,-0.225,240,NEUTRAL
1751795160000,86280,long_pdl_bounce,long,107798.6,1.5488801251931794,3.0799839778418314,1.348347663235987,0.1300840994689887,0.6113125457104709,0.3315408779734116,0.19690660801160645,9.877541023757397,-0.18554288832934535,32.078229997174105,24.473944621817353,29.820562322402267,50.0,0.0,EU,9,0.9987421383654361,0.5,NO_FILL,0.0,0,NEUTRAL
1751906760000,88140,long_pdl_bounce,long,107895.1,3.308668197433875,-0.3107316581739128,0.8390523174436761,0.34033069795067317,1.126046898020494,1.4427897011742972,0.373212578431507,71.15366111806081,-0.6324349504813602,22.571998972148904,39.99712857694061,19.813643271791236,50.0,0.0,US,16,0.31712915694988253,78.55855855953152,EXPIRE,-0.0965,240,NEUTRAL
1752860760000,104040,long_pdl_bounce,long,117391.8,0.6526809500156596,-0.9371907634922616,-0.9977137714419573,0.6751153458964135,1.0215012379598203,3.0953196107292977,1.3793191446523632,62.116180278863055,-1.318546892230969,24.824554668304742,43.86731663584902,20.43784386740974,50.0,0.0,US,17,0.45115777120171563,0.6077888218996634,EXPIRE,0.0787,240,NEUTRAL
1752864360000,104100,long_pdl_bounce,long,117195.1,1.1578314295887377,-0.4750228499088522,-0.5886696355083673,0.6616689177498649,0.9249410420186402,3.381137342439082,1.3132907235143316,61.64912507264135,-1.7847257641421266,20.925698212680985,41.742997868117186,20.31290530080527,50.0,0.0,US,18,0.2228091528160924,0.5637198622271292,EXPIRE,0.2645,240,NEUTRAL
1753278360000,111000,long_pdl_bounce,long,117324.9,3.271097526268255,3.8100721770472066,3.164299033257017,0.4324466822498857,0.6415863022711752,2.3498161278912537,-0.24243940748257067,84.1435192523508,-0.8186794546868712,21.279089496526353,32.174919074934905,15.241399098816117,50.0,0.0,EU,13,0.31023307589720106,2.531058020477567,TP1,0.6409,240,TRUE
1753289160000,111180,long_pdl_bounce,long,117371.2,1.9910274356398372,-0.42106332371311994,0.7403007023622803,0.5144306096507175,0.7346103963562606,2.297533958528831,-0.24011349913027152,51.34187222663577,-0.5572173582765912,37.81733965066124,45.09086427192179,32.88637339582945,50.0,0.0,US,16,0.5377046371605612,0.4656269494695866,TP1,0.1664,240,TRUE
1753339560000,112020,long_pdl_bounce,long,117231.4,0.4563168564047322,1.4125011487770252,0.8316511480389884,0.47973733419435044,1.2510391225763318,1.672269956179769,0.1673007518528555,31.913363319291978,-1.338140433394929,46.9259946856688,21.538157046268196,35.555977828163634,50.0,0.0,ASIA,6,0.4933242043888385,1.6002370136283894,TP2,1.0188,62,TRUE
1753407960000,113160,long_pdl_bounce,long,117140.1,1.0578415762086784,1.8571814159970985,3.235398105550876,0.5050054970402108,0.987422831491626,1.6726593359408677,0.09514633261403752,63.68331552973252,-1.3318601398883634,35.50191868155497,11.694678847898217,32.205591179934714,50.0,0.0,ASIA,1,0.2519370075197951,78.5333333325637,SL,-0.6134,35,FALSE
1753415160000,113280,long_pdl_bounce,long,115307.6,0.6257987351287408,0.4316928594223398,3.1872993911121674,0.5869042216402787,1.1507622935102042,3.1101463047885067,-0.05974187233931806,77.39410347606191,-2.6220577297154284,25.98536450190396,0.7820567861411689,20.66798827078094,50.0,0.0,ASIA,3,0.530251304805488,1.207345476261668,TP1,-0.0825,66,TRUE
1753425960000,113460,long_pdl_bounce,long,115204.9,0.7203848495572892,-0.3550292846926683,0.688465048531998,0.5397212294208192,1.0314200168813472,4.43220418131775,-0.18948268147996777,90.0150940277723,-2.022962564088964,22.585435072723328,38.64926568512542,14.37623220481565,50.0,0.0,ASIA,6,0.5250636681112472,0.5821054879351966,TP1,0.9025,240,TRUE
1753742760000,118740,long_pdl_bounce,long,117573.0,0.3753404336886499,-0.8300874705445712,-0.8847032989112765,0.4346157536217982,1.086863061743677,1.9657037897599168,0.2323354928093964,43.02232341022676,-0.14787058896093805,27.30084900527011,45.59725903992553,26.42512123584676,50.0,0.0,US,22,0.43811322339378866,1.7194047980567067,TP1,0.747,240,TRUE
1754365560000,129120,long_pdl_bounce,long,114097.3,0.9452829320512334,-0.38877723953809973,0.32156578115002,0.37515787581100823,1.107598753552128,1.1044155907641806,-0.9707022948742172,1.504607288354531,-0.7421005221998946,38.68870747268726,19.044457913624868,49.50489038921176,50.0,0.0,ASIA,3,0.30618770381868204,2.867153284665966,TP1,0.5245,240,TRUE
1754376360000,129300,long_pdl_bounce,long,114032.4,1.721116756882099,0.8728854394756198,-0.16112515706789868,0.3168681514970999,0.9570217645046337,1.1465692009119641,-0.9810635229777628,43.89297899084116,-0.6165451675281527,27.90166529500044,43.86904484701729,27.193083903229322,50.0,0.0,ASIA,6,0.20019872395569221,212.24999987894626,TP1,0.5817,240,TRUE
1754405160000,129780,long_pdl_bounce,long,112550.4,1.840242161809638,1.7559215042381646,3.866099012881386,0.5259561764186086,1.3721670943215223,1.7502944722569147,-0.9545437729422618,65.6295808507472,-1.088517794151247,30.73781587507851,24.083880122065906,30.408143455360374,50.0,0.0,US,14,0.49378894311261795,0.3976571920758209,NO_FILL,0.0,0,NEUTRAL
1755287160000,144480,long_pdl_bounce,long,116724.1,0.4801543145257739,-0.3137167594702258,-0.4075199085343853,0.49140442054462696,0.5711233562154152,2.4759912393061727,0.2922797102804257,52.39281328653632,-0.7083353994990866,20.44294736355981,47.58766702654206,22.186700533777227,50.0,0.0,US,19,0.3804536901105066,0.7730185497472531,NO_FILL,0.0,0,NEUTRAL
1755459960000,147360,long_pdl_bounce,long,117261.9,1.2732946615663363,-0.4509649632897717,0.055682299627167024,0.27053107260085185,1.4912255662341054,1.1587225482032009,-0.32379756802534765,26.861961104310602,-0.7260998671029173,40.74546033768742,31.873379132985747,28.455683141797834,50.0,0.0,US,19,0.4000306607389078,2.0596797671031486,SL,-0.6581,77,FALSE
1755488760000,147840,long_pdl_bounce,long,114925.4,2.87253369496143,0.46410293912443096,1.3960556534544537,0.43672706641081405,2.1778268401881764,3.0417237078918897,-0.5498241508153038,86.9128033970908,-2.0229396771452848,13.487147105839838,16.420142316247947,5.862424397301737,50.0,0.0,ASIA,3,0.5812142435601706,0.00011904053323921064,EXPIRE,0.1667,240,NEUTRAL
1755506760000,148140,long_pdl_bounce,long,115000.7,0.6747060085231903,-0.5089362994772274,-0.09109777518052756,0.47579309737361314,2.188723133668869,4.071889884345382,-0.8076868156838408,75.9408436569484,-0.27527161645702813,19.69439771113126,41.82590391467012,24.40521198998229,50.0,0.0,EU,8,0.4779519039160677,0.47555555555591156,EXPIRE,0.4034,240,NEUTRAL
1755517560000,148320,long_pdl_bounce,long,114728.9,0.5529634127858212,-0.5136229154193721,-0.5607771043684566,0.49738955460683276,2.1210868371015588,4.059364183120861,-0.9829595175174933,75.12666857864558,-0.6402738953282887,15.939400088593572,39.144628912658725,23.646323363049532,50.0,0.0,EU,11,0.6544453973378435,0.13979318268903423,EXPIRE,0.1146,240,NEUTRAL
1755528360000,148500,long_pdl_bounce,long,114700.1,0.6178451691696775,-0.027473143140709567,-0.1430831298258939,0.5491545219053775,2.05261486596493,3.7102017156661087,-1.0679864241555912,51.945318726444974,0.43279466624652635,33.97797002313642,61.367534034850145,28.974110393535142,50.0,0.0,US,14,0.3432772913047614,0.25210391511156155,EXPIRE,0.1265,240,NEUTRAL
1755697560000,151320,long_pdl_bounce,long,112659.2,0.35803281569594503,3.6441666505400465,1.6390239062611833,0.4403633102050001,0.8540403257736968,1.1747490061705677,-2.302741293434087,35.3373274691096,-0.7022460895938796,47.43978605787704,35.28610623137186,51.72938607292201,50.0,0.0,EU,13,0.19531473131119242,8.824209245749078,TP2,1.372,86,TRUE
1755791160000,152880,long_pdl_bounce,long,112643.9,1.0178002853711574,0.013893372011750236,3.4470902463666553,0.46494715890386273,0.7191369055528449,1.83796514653554,-1.9276126258326587,29.92562301834331,-0.5157754867947064,20.541539733790586,42.410018885350866,23.434480316748775,50.0,0.0,US,15,0.20765075793190774,5.510975609763228,SL,-0.6131,211,FALSE
1755863160000,154080,long_pdl_bounce,long,112146.9,2.64819761158597,-1.0780193407018694,0.4287320950549515,0.39967948717948565,0.8596234637109106,1.0666297492412746,-2.0589796771024247,4.871184782199223,-0.8141767907822931,44.35976500847618,20.57957933143095,44.04359265196227,50.0,0.0,EU,11,0.6419049291451333,28.189300411603664,TP2,1.4572,113,TRUE
1756032360000,156900,long_pdl_bounce,long,114674.1,0.4419122871416603,-0.47502810327516465,0.3281653730833792,0.2692659216898195,0.7523579017646845,0.7289762982078162,-0.36713666743567913,38.36023757795009,-0.33332088842737373,36.26428318547758,40.50069265782702,43.6101178483045,50.0,0.0,EU,10,0.9063254382747872,8.206422018374651,EXPIRE,-0.0948,240,NEUTRAL
1756057560000,157320,long_pdl_bounce,long,114245.7,0.5388772788647637,1.8702263850404595,1.8816708515399296,0.26358240297309915,1.0250496092438397,1.1966867761505395,-0.27252043653222585,33.392291938184265,-0.2674099291363713,25.37663799340794,49.06131398168521,34.75677113946578,50.0,0.0,US,17,0.46560671477902105,1.6486372576566843,SL,-0.5905,1,FALSE
1756129560000,158520,long_pdl_bounce,long,110393.1,1.4849313920105265,1.738779152550699,0.36340861703615046,0.6545119448556485,2.483139759987874,3.270985518165543,-1.1128272692385504,62.93393457877021,-0.0178098143196831,31.841847471155873,54.58379013716145,17.99550788185448,50.0,0.0,EU,13,0.20320469195260826,1.0794955702770035,TP1,-0.0825,10,TRUE
1756169160000,159180,long_pdl_bounce,long,109231.1,1.7970730550472382,1.0581716476405352,1.1438223547987563,0.8330871529785048,1.0046999027978185,3.6425360220348315,-1.6223452908677778,40.58105144872688,-2.938242696585229,35.30829342858469,43.786412731259404,25.70739871300387,50.0,0.0,ASIA,0,0.2896707032136693,1.2507707737453777,EXPIRE,0.576,240,NEUTRAL
1756435560000,163620,long_pdl_bounce,long,111147.0,2.142798337065074,-0.08784059529033403,0.261427909513613,0.50996175525636,0.8418091368071766,1.9293095810777001,-0.3957898166036698,53.55465813247455,-0.43118790296802983,26.73181985595012,28.280237701621942,25.353039132139713,50.0,0.0,ASIA,2,0.6361099184198851,0.8720379146915509,SL,-0.3904,79,FALSE
1756449960000,163860,long_pdl_bounce,long,111009.8,0.4427134804022582,3.1600008933231707,3.0126948497132613,0.41097692084464504,0.8633051204042704,2.114949814877135,-0.5054659735165792,53.22124871734198,-0.8212854544712418,32.88061643411247,38.510782603881026,23.318343770533176,50.0,0.0,ASIA,6,0.6707177336417782,1.6886189258289865,SL,-0.6308,18,FALSE
1756475160000,164280,long_pdl_bounce,long,108992.5,1.7096057806110518,2.7104606854979267,2.3318665800751495,0.660691506454175,1.2810186824312804,3.672332393058563,-0.8410496715614625,44.139577784099046,-0.8300719382348866,22.22156225016934,35.513976272109545,22.128213533968278,50.0,0.0,EU,13,0.22936554353690092,6.066511085180217,SL,-0.6664,19,FALSE
1756640760000,167040,long_pdl_bounce,long,108242.6,1.3553863270116364,0.8437218372652214,0.542336289859269,0.3053227273762479,0.9047648573094346,1.0427938054457113,-1.6613193122780767,2.323612968291317,-0.33753276230417767,46.325477257528746,29.62948108099374,40.086406950021754,50.0,0.0,EU,11,0.9995233818145774,0.6666666668283546,EXPIRE,0.5385,240,NEUTRAL
1756683960000,167760,long_pdl_bounce,long,108079.5,1.728260766413539,1.607258582876088,1.6608271439516673,0.29892528873787905,1.1630161559558034,0.9939525192154183,-1.953037817534374,21.02201368445409,-0.6858367355888818,44.59447719516006,22.962884733434663,39.97316282841935,50.0,0.0,US,23,0.625804888164632,4.979177789643089,SL,-0.5844,147,FALSE
1756698360000,168000,long_pdl_bounce,long,107386.8,1.0775176968447548,0.48840241773451315,1.162102900624169,0.39351128215043446,1.5125037246721897,1.6325396731762087,-1.9787419013125127,38.60592196777528,-1.2631275043611216,35.84275580756835,45.15932532172555,41.87962607441555,50.0,0.0,ASIA,3,0.8427305799449236,0.511754334410534,TP2,1.152,189,TRUE
1757004360000,173100,long_pdl_bounce,long,109249.1,0.6951543182369824,-0.14016646922553386,0.6067258129977453,0.44440027664371307,0.8466862744260776,2.770037553998038,0.482172589417769,61.02832738313745,-1.0761387218488956,20.962429455999285,23.258279523432165,21.40591529714223,50.0,0.0,US,16,0.710221478552987,0.387656313029571,NO_FILL,0.0,0,NEUTRAL
1757184360000,176100,long_pdl_bounce,long,109951.7,2.835714053520743,-0.5434085350228665,-0.3520593293176683,0.19720877246641916,0.283643127749095,0.9711995404749518,0.12010242484917372,47.39290302573888,-0.5454894219732156,31.4858827427815,30.731525853957578,30.150000401704816,50.0,0.0,US,18,0.24821873339307604,0.005249343831183937,NO_FILL,0.0,0,NEUTRAL
1757187960000,176160,long_pdl_bounce,long,109825.5,2.13497619311121,-0.5305673648037968,-0.3988881385299271,0.20219368335630525,0.2966130472330706,1.1134866721825982,0.13080815307836474,45.80347770526234,-0.8098393301700945,30.999375636316657,41.33546557830656,30.160213093455553,50.0,0.0,US,19,0.19999706460516795,1.5000000007275958,NO_FILL,0.0,0,NEUTRAL
1757781960000,186060,long_pdl_bounce,long,115098.6,0.27285000838037526,1.270955356315596,1.9244876847342143,0.22672536162053683,0.6199339497695053,0.6223372117152891,1.7534381259591967,35.80561585323182,-0.5209595232761972,32.42381222187559,24.157464095668374,47.96787029244134,50.0,0.0,US,16,0.6761914984017431,3.5205069511570923e-05,NO_FILL,0.0,0,NEUTRAL
1757929560000,188520,long_pdl_bounce,long,114653.0,1.422003766507272,0.2443993586273918,1.9046534016415415,0.46983004044634086,2.07997333906581,1.5251596962684617,1.2713889697108312,10.984015522498112,-0.49968188438782174,41.97349073558169,22.34023866964415,39.7989046421596,50.0,0.0,EU,9,0.2284864710241842,37.50000000082795,EXPIRE,-0.0374,240,NEUTRAL
1758293160000,194580,long_pdl_bounce,long,115852.2,2.050145184475767,3.3592469616368876,3.1687182563634937,0.2931739436979856,0.9669498222918479,1.50496077093254,0.8707987014104838,75.70399441176879,-0.8689067729721569,17.92959791276523,27.577342005818778,12.780125473684663,50.0,0.0,US,14,0.18298379915764817,1.4630457201798517,EXPIRE,-0.438,240,NEUTRAL
1758307560000,194820,long_pdl_bounce,long,115284.4,0.5043050403894317,-0.5202910389941735,-0.2203948056902296,0.30915547286278466,1.006119734712129,1.9192109839137765,0.5986803183756285,67.92741351338749,-0.6499174216797182,21.91444973496162,35.96524475274441,17.28954350704312,50.0,0.0,US,18,0.45003869688246523,3253.9999969702912,EXPIRE,0.1503,240,NEUTRAL
1758314760000,194940,long_pdl_bounce,long,115185.5,0.3291546271546218,0.3478482514338302,-0.43476574595980555,0.3230699149994158,0.9599837475196223,2.1539113569418213,0.5310282979860601,69.67551244362907,-0.48094913554349594,27.860998605448913,34.814935306995295,23.106271452417573,50.0,0.0,US,20,0.2782453364148127,1879.6666667391028,NO_FILL,0.0,0,NEUTRAL
1758429960000,196860,long_pdl_bounce,long,115293.8,0.450962919813591,0.18604791162261206,-1.3882238592028948,0.14049619621689963,0.7463035517230683,0.4939382228336188,-0.0554066262533711,43.97991184946902,-0.24342683625613254,29.143267655484465,44.53133426814759,36.1737421871614,50.0,0.0,ASIA,4,0.2010862577121943,0.5,EXPIRE,-0.0058,240,NEUTRAL
1758451560000,197220,long_pdl_bounce,long,115275.9,0.7407014227344451,-0.8824332531933908,-1.569144511411039,0.1646361023869987,1.139131879325811,0.45893775874346393,-0.06101242353842559,42.74657892769286,0.024312902904328422,43.20185487897419,45.34922078830823,53.04395773035433,50.0,0.0,EU,10,0.20021570163240776,0.6666666660199149,EXPIRE,0.0097,240,NEUTRAL
1758469560000,197520,long_pdl_bounce,long,115344.2,1.2582465448237172,0.43793232550926603,-0.6087116801194888,0.1616564381940877,1.125757188040841,0.324960195083556,-0.09082606912853812,54.60331969634794,-0.13133242637629608,51.06285683543711,37.878926163996915,64.4382832651801,50.0,0.0,US,15,0.5986754966875163,0.5,EXPIRE,-0.0411,240,NEUTRAL
1758473160000,197580,long_pdl_bounce,long,115067.1,0.3944280281310978,1.9404883104538952,0.7603204654856554,0.1670818818352536,1.1631463777855693,0.4045074528333607,-0.11095659469276438,63.08121878031587,-0.17858888036431897,37.60615921898573,27.6070443931806,54.51095163479707,50.0,0.0,US,16,0.41950405503284854,0.8643344709899041,SL,-0.4594,16,FALSE
1758656760000,200640,long_pdl_bounce,long,111365.6,3.6563316728667696,1.4226492166174118,0.08379685543444292,0.3922595798448729,0.9055085672460886,1.6572666813532244,-1.4305347463095655,33.95682725848037,-1.1482899287318729,29.88654510120915,24.797284555912327,31.206742824690068,50.0,0.0,US,19,0.2692377549953607,0.4749149659865319,TP2,0.9154,90,TRUE
1758775560000,202620,long_pdl_bounce,long,111621.9,1.1175196909213483,1.4504093633397361,2.6130269139799713,0.46310065329955563,1.1189618766808267,1.6982889690707978,-1.0994205090778748,80.0856786335928,-1.4123185389892177,21.398477259759346,19.630593508277272,34.25022150128122,50.0,0.0,ASIA,4,0.6217355430347541,1.6541561132848244,EXPIRE,0.0232,240,NEUTRAL
1758782760000,202740,long_pdl_bounce,long,111428.7,1.1878362079973568,-0.8813552381953649,-0.5951058130100781,0.4353211384145475,1.1142064588941565,2.3203039736574893,-1.1759262762714888,79.99177503523585,-1.352430760549388,12.620659406419051,28.106733230117612,19.141352392461428,50.0,0.0,ASIA,6,0.4928986154532778,0.7454370797316724,SL,-0.5043,102,FALSE
1759844760000,220440,long_pdl_bounce,long,123401.2,0.23609425386881114,3.331769407879397,2.7839354379451327,0.483034857546528,0.9949030114893754,1.8538495825803833,3.1494263854065543,31.737221673101168,0.18087946606069022,40.939402245831616,41.64341620129789,35.91472689070757,50.0,0.0,EU,13,0.4813979921934976,0.2782382334460098,SL,-0.6732,34,FALSE
1759995960000,222960,long_pdl_bounce,long,121563.3,2.1009937512488133,0.5018120510003943,-0.633664467828981,0.4413133199592623,0.824630448505077,2.052678153617396,1.161751900631656,81.64127674372027,-0.52398145611731,24.872002665085176,40.60634683995197,17.30751557006225,50.0,0.0,ASIA,7,0.6902158867553307,1.2922705314013823,TP1,1.2103,240,TRUE
1760021160000,223380,long_pdl_bounce,long,120692.0,4.008595327004032,2.35149375433244,3.4964696221007334,0.6212799029680712,0.9509070316299011,2.2422823971875605,1.1069444345938406,33.88855405183254,0.04402052355890071,39.388285095628376,32.56290131100248,35.226190011615074,50.0,0.0,US,14,0.17250494711085448,1.5081901258695298,SL,-0.545,73,FALSE
1760118360000,225000,long_pdl_bounce,long,117495.3,3.446656047927063,-0.31058023754811553,1.2078600011409775,0.6710649909772863,0.8600112114724069,3.883110986227339,-0.17080603629458851,41.536637766435994,-3.2337333320718966,24.442110671901133,15.701768963205538,29.32162800736394,50.0,0.0,US,17,0.3071931304688872,0.5245746220247525,SL,-0.5105,33,FALSE
1760413560000,229920,long_pdl_bounce,long,113389.2,0.9343441012762171,-0.44420538050559794,0.49818427796894027,0.6119465072372562,0.8646097895618419,2.302466597873417,-2.57761597157468,36.3237573307874,-1.9014693171996542,32.7760576759776,8.314960783548656,37.053889450911,50.0,0.0,ASIA,3,0.8492594821612467,0.15856158002612847,SL,-0.6779,92,FALSE
1760424360000,230100,long_pdl_bounce,long,111426.3,1.4766354526023293,1.876191523522236,1.6043410210523046,0.6278009693082015,0.9813302816612179,3.68372957486768,-2.8390041985498558,67.08614123336106,-2.584964399925777,22.79542143938184,28.67267324530063,25.079776777105295,50.0,0.0,ASIA,6,0.2701427052471421,0.9834172870324268,SL,-0.6457,210,FALSE
1760435160000,230280,long_pdl_bounce,long,111219.2,0.4172298776954026,0.6738440178502133,-0.036371329346710314,0.6312540256754684,0.9511356898805626,5.059332626925608,-3.0891014360008806,100.0,-1.948995594713657,1.692548881678107,29.130447556967596,12.31517640269685,50.0,0.0,EU,9,0.5183070550402311,0.2743826535043301,SL,-0.728,31,FALSE
1760535960000,231960,long_pdl_bounce,long,110984.2,3.7497959927746733,3.2571556332868914,2.7848748519004727,0.682226252143392,0.6895908493929321,1.7124041712162654,-2.8826664130700643,35.78930637791791,-1.061869084998379,27.383685633865213,23.08857653428639,26.527462513201556,50.0,0.0,EU,13,0.43148783486983194,0.5324379492944742,TP1,-0.0825,66,TRUE
1760546760000,232140,long_pdl_bounce,long,110430.2,0.5487987726753564,-0.9372458872123599,-0.382091953027287,0.7520471185548667,0.7801112872791628,2.6627858432453877,-3.06806867939574,42.87266807005889,-1.352769667873946,23.585596941886777,39.82530879082606,18.361613231547096,50.0,0.0,US,16,0.5750416855613913,0.416395001358617,TP1,0.4383,240,TRUE
1760643960000,233760,long_pdl_bounce,long,107668.5,1.6179129284732094,-0.4408327227818441,0.46476196113025653,1.061782931085836,1.386260287618766,4.177928745384962,-2.9828815794979637,74.03722930558891,-2.4015334656323257,33.432412657764814,50.63518155739184,22.07786761149613,50.0,0.0,US,19,0.5301195032981103,1.077556955889294,EXPIRE,0.6907,240,NEUTRAL
1760863560000,237420,long_pdl_bounce,long,106277.1,2.7376577234883515,1.8775027932397634,3.449909401801223,0.34731088856757764,0.7535032162566054,0.7050161448647122,-3.4622557502236453,20.061323835239698,-0.37724028241499574,41.429502405227126,24.881282528586823,27.234068491010987,50.0,0.0,EU,8,0.4777528208978824,0.1827156217526153,TP2,1.1625,43,TRUE
1761036360000,240300,long_pdl_bounce,long,107269.3,2.8741592474273507,-0.2196993435654904,0.030704481495752337,0.5927377211575032,0.9184488955102129,4.73854739713527,-0.35892509553312324,73.68688213978795,-1.661079604495903,19.862350270595968,45.70484729390382,24.188685534012407,50.0,0.0,EU,8,0.4497206150602576,0.25950302216262916,NO_FILL,0.0,0,NEUTRAL
1761612360000,249900,long_pdl_bounce,long,113677.0,0.9857023516496511,0.19389547533139395,-0.7227302595244628,0.48246234269570065,0.9648111746884083,1.9846601543916882,2.319885680481619,49.61960339903334,-1.1968907474359591,29.78144529602686,42.174557235089814,25.18099153216012,50.0,0.0,ASIA,0,0.5607600392166044,1.0656620021525856,EXPIRE,0.2556,240,NEUTRAL
1761630360000,250200,long_pdl_bounce,long,113457.8,2.829102937344863,2.2617878838633207,-0.1904351209504808,0.46564284715212656,0.7707522710149038,2.2207068901006544,2.2440014247250133,41.8990788710519,-0.44023341116918674,32.3998132099762,34.76154519919042,28.317998181557897,50.0,0.0,ASIA,5,0.17364090422845097,0.5081585081581853,SL,-0.5597,8,FALSE
1761698760000,251340,long_pdl_bounce,long,112278.7,0.40898683137854747,-0.1673107630219932,-0.37634765524989094,0.7565021966200581,1.6413004150246806,3.1324797493499936,1.7244677816609038,34.67263094398816,-2.2429640036584035,33.97154407987307,42.69015805605071,24.105266033676017,50.0,0.0,ASIA,0,0.19959338070486485,2457.000001287117,EXPIRE,0.4868,240,NEUTRAL
1761756360000,252300,long_pdl_bounce,long,110983.5,0.4133460912707285,-0.3056083553166341,1.6868767818228596,0.48604589849532187,0.7112464862679475,2.0016663405017643,0.8654948722497903,38.83255080302596,-1.5625585574059833,31.45674587518363,14.588970427958742,26.918971004216488,50.0,0.0,US,16,0.29579961061031995,0.9848049281313038,SL,-0.6031,1,FALSE
1762148760000,258840,long_pdl_bounce,long,107346.9,0.5886185118362903,0.05945712432453708,0.675723612698916,0.5375412920525099,1.6108976130347528,3.4746550393511613,-0.8453570476316192,59.77611760400284,-2.6541631551388982,20.27617363138482,22.315534062378717,11.931471528360674,50.0,0.0,ASIA,5,0.6953051353812676,0.14118336262448128,EXPIRE,0.0956,240,NEUTRAL
1762152360000,258900,long_pdl_bounce,long,106986.0,0.4209326674863085,0.7329190161292801,1.4039842351049068,0.558042577195605,1.573923509323345,3.8958597140770483,-0.9034809492488348,60.066835932146056,-2.0617160929255562,19.759749504477455,34.82225908842416,11.298529193895575,50.0,0.0,ASIA,6,0.4581315250079806,0.5669802570558283,TP1,-0.0825,130,TRUE
1762159560000,259020,long_pdl_bounce,long,106799.1,3.771234019730603,2.962400436364414,1.0305431448739515,0.6228920791111724,1.6094033111092185,4.205744355476583,-1.0416190514150894,65.44677628511963,-1.3269826438271504,17.8149096035787,41.40613030272981,14.454597486034004,50.0,0.0,EU,8,0.46865521209559463,0.2703171847875561,TP2,0.9595,55,TRUE
1762519560000,265020,long_pdl_bounce,long,99303.3,2.9738292275628164,0.7689279384142219,1.2510408489242297,0.7208144729687661,0.8153248763142867,2.464032321615512,-3.606039534776028,43.786172171699384,-2.141857470749601,29.63087794599477,27.611974495607413,30.81734010462671,50.0,0.0,EU,12,0.46282426006734345,0.08169246956266127,TP2,1.2725,109,TRUE
1762865160000,270780,long_pdl_bounce,long,104458.2,1.406275865961363,4.1481953819435615,2.5511873981820683,0.6927976586975771,1.1608980497921242,2.0823975619834196,0.22755429239681896,24.630580859117572,-0.6939304456425448,32.312715466978815,29.45735251491209,35.5791208209059,50.0,0.0,EU,12,0.4566366333224979,0.9660206608040265,SL,-0.6857,161,FALSE
1762875960000,270960,long_pdl_bounce,long,103109.7,1.173572732451207,0.6478397404337942,1.4792480241376271,0.7278132745831629,1.1396822536193547,2.9501416613048375,0.1492031500768215,79.3615186275865,-1.4438567830184208,26.018441723179052,24.527648596354226,13.076861221656415,50.0,0.0,US,15,0.36229356811819474,1.1451318039747695,SL,-0.5236,235,FALSE
1763300760000,278040,long_pdl_bounce,long,95020.6,2.4226693333990252,-0.07322919010835964,0.41075132866892783,0.5369372192612577,1.043034850750366,1.5336058216371284,-3.305825901222222,19.00429931446701,-0.7071280652578662,47.514393330995695,23.221236614783734,46.30138226331749,50.0,0.0,EU,13,0.6068382735196491,0.25097090110871867,SL,-0.7693,25,FALSE
1763318760000,278340,long_pdl_bounce,long,93879.7,0.4973578812385668,1.6939900495277223,2.9537745699622038,0.7260512336129843,1.466438143405744,2.9053134127551514,-3.4713319582918407,20.466447165433628,-1.7695748763106527,29.131388116260894,33.27341619848822,42.36119921944072,50.0,0.0,US,18,0.3088140668042957,0.6047280264410478,SL,-0.6977,194,FALSE
1763415960000,279960,long_pdl_bounce,long,91422.2,1.7823444860349293,-0.2031175716636361,0.17649027558577648,1.1081607679835328,1.0567102230340897,5.829079082670982,-3.78569282900256,69.10459656227117,-2.1285302513301634,22.19015182997002,41.80867651702346,23.573915692551935,50.0,0.0,US,21,0.5507192627096413,0.1460558043403011,TP1,-0.0825,137,TRUE
1763426760000,280140,long_pdl_bounce,long,91479.9,2.6935242433751214,0.6034320304593711,0.06631389589036756,1.216977468091444,1.1274800253057877,6.428486973894485,-3.916907550402513,77.15982997900332,-0.4096748306653893,24.881978831215505,56.629200380036416,26.08843887301262,50.0,0.0,ASIA,0,0.5588912344064301,0.48308463378518274,SL,-0.8862,133,FALSE
1763581560000,282720,long_pdl_bounce,long,88524.6,0.5145811813668363,-0.970355815481904,0.2599996378031134,0.9912391662045364,1.1281382840055794,4.642726672793743,-4.708134777954119,36.414951603204464,-2.7574634303455174,36.90770414667338,37.355890387916205,28.687843592306947,50.0,0.0,US,19,0.41157458478754017,1.581233526621083,TP1,-0.0825,10,TRUE
1764942360000,305400,long_pdl_bounce,long,90163.0,1.4009683023336346,1.7651237079910702,2.1121299820842645,0.5807185587098587,0.8271599247378056,2.301878672388451,1.5814553114073828,63.365678419720936,-1.944001998728569,27.747671184494948,30.976605728893844,30.633399900442924,50.0,0.0,EU,13,0.3428028534848512,1.4807307012373694,TP2,1.0214,25,TRUE
1765064760000,307440,long_pdl_bounce,long,89055.9,3.440056474563852,-0.24330275618583222,0.9062784487867296,0.3650576340606989,0.4323273570878406,0.7983505594062891,-0.5512640073604003,23.050629367883214,-0.5306486194564237,40.25964276020577,40.25522361968544,50.99231593255475,50.0,0.0,US,23,0.7845521108878849,3.2544169611219904,EXPIRE,-0.0981,240,NEUTRAL
1765413960000,313260,long_pdl_bounce,long,91047.0,0.9175995700056525,0.0458713156623971,0.04597273861773045,0.9162772816562019,1.0113680727319003,1.6346983482360042,1.3551274447042028,2.6218488864024883,-1.2078572611538483,37.887329717026155,26.845016304524734,69.47659395418461,50.0,0.0,ASIA,0,0.4601957389592452,0.8703923900116962,SL,-0.5777,48,FALSE
1765709160000,318180,long_pdl_bounce,long,89688.4,1.6784728111307516,-0.18850738653213725,1.4262112283777069,0.24663904811731494,1.1031640042053275,0.4851025182927673,-0.5796001994579411,39.89029393781162,-0.3855922573349641,38.389976445438904,36.19163804081522,43.274777275952516,50.0,0.0,EU,10,0.4207285853859838,0.6682464454983386,SL,-0.4955,34,FALSE
1765730760000,318540,long_pdl_bounce,long,88586.5,1.9036247389348073,3.421930491589092,1.3530169582058635,0.4378694548148744,1.9066746371010768,2.1075744362252955,-0.5561303734074239,95.40876313777811,-1.131517247650048,12.015453219508274,37.38594215759845,15.392640572625197,50.0,0.0,US,16,0.24255376093144823,0.9489942528734512,EXPIRE,-0.0847,240,NEUTRAL
1765734360000,318600,long_pdl_bounce,long,88546.7,1.1804854742335507,-0.09546570453329144,0.26419893837769604,0.46761112311006203,1.825875332578707,2.3294574027099233,-0.5742198272395524,95.40876313777814,-0.6147381378692948,12.046184728431953,35.58918175342028,14.62790596613975,50.0,0.0,US,17,0.14497196360173942,2.107192575406658,SL,-0.5992,201,FALSE
1765993560000,322920,long_pdl_bounce,long,86228.6,1.6751718368123485,-0.8673334094515076,-0.016600820432819515,1.163988968806483,1.3189408254567592,3.3167303737766782,-1.9344492030142622,29.995113200447904,-0.6393644018400775,45.19580953544485,42.40714610512887,40.28507640049132,50.0,0.0,US,17,0.21207132331642065,4.334019461076759,SL,-0.6535,7,FALSE
1766285160000,327780,long_pdl_bounce,long,87761.2,3.660589700148861,1.4966905659333134,1.7348917620104498,0.261859722297848,0.4940177297203764,0.46107886698926864,-0.5330268781543922,39.969897605067175,-0.37139918161674995,35.8507148940798,28.8368044762191,44.040527228579094,50.0,0.0,ASIA,2,0.5558343933207863,0.008563643440505734,TP1,0.5637,240,TRUE
1766555160000,332280,long_pdl_bounce,long,86644.5,0.6162439579176644,-0.28624998213909764,-0.7934711839482086,0.6755075074917203,1.2681096806968104,1.4429349054345024,-0.18345992039663694,3.360456061893669,-0.6036394394531763,44.19810678207918,36.09827689297184,55.477106142699334,50.0,0.0,ASIA,5,0.24074614357369678,2.524390243903047,TP1,0.8429,240,TRUE
1766569560000,332520,long_pdl_bounce,long,86685.4,0.7905369190432242,-1.4204357738397464,-1.0694891236185065,0.48418304344849644,1.0015634095865609,1.7244588804903562,-0.35888612785761237,28.086464087194607,-0.5993274497880124,27.463596829796174,41.10580510371666,36.88541284805967,50.0,0.0,EU,9,0.543289039327982,1.7779565567170046,TP1,0.7953,240,TRUE
1766954760000,338940,long_pdl_bounce,long,87423.8,2.165555790743237,-0.24785635486077512,-0.4239638145484334,0.19614242377922422,0.9968150860919629,0.5061780225455677,-0.026016941041422603,5.769547174638539,-0.4495961779092313,33.310798352896924,30.13038906414218,31.286527112903627,50.0,0.0,US,20,0.4001586042822325,0.5000000003637979,SL,-0.5559,5,FALSE
1767203160000,343080,long_pdl_bounce,long,87451.1,1.0521950460544296,-1.0020313122964337,0.46192820615736635,0.4119829706488239,0.687423457220022,1.6464883801065158,-0.006325743740731293,47.60488195472284,-1.5623820377407294,36.10149903805067,17.45866200527837,32.39274570015573,50.0,0.0,US,17,0.9067544910487675,0.26115241635688036,EXPIRE,0.2475,240,NEUTRAL
1767840360000,353700,long_pdl_bounce,long,90610.4,1.0143191642276463,0.8540454552070401,-0.08954176518698669,0.6350100549645841,0.8512184950702576,2.392265126941204,1.2496288886497526,63.60556377049469,-0.09994784040724242,28.886897496928384,39.64258465872431,33.43809415592179,50.0,0.0,ASIA,2,0.1856899411718543,9.13351498636337,SL,-0.5106,19,FALSE
1767883560000,354420,long_pdl_bounce,long,89573.4,1.221731288780378,2.4424659914483455,2.570370436003666,0.6616060378939865,1.1191683308663647,2.327178242179263,0.49713571461754025,69.79949626162606,-0.22525345724269025,33.205251988609845,45.349704158979684,37.10698686775813,50.0,0.0,US,14,0.45321140965413553,0.7170718674858285,TP2,1.8944,182,TRUE
1768085160000,357780,long_pdl_bounce,long,90335.9,1.2966232829014235,-0.23648655444514022,0.6270322451476122,0.12966309081572722,0.19540921311758108,0.44360560583410835,-0.17336513076932847,40.96539940196453,-0.2744918041754171,37.278505079037465,38.865997024788896,34.923013809047234,50.0,0.0,US,22,0.5996974281393416,0.23539823008828953,NO_FILL,0.0,0,NEUTRAL
1768214760000,359940,long_pdl_bounce,long,90319.0,0.6748278376814134,-0.23902650351606822,-0.4532562316241077,0.6381700818638218,3.868096940360929,2.4350177003158118,-0.03288776754712727,6.831721896814417,-1.8902145444280398,46.92121538047875,18.314378130217293,62.90154200744764,50.0,0.0,EU,10,0.20027090516679347,0.0012468827923636198,TP2,1.3947,95,TRUE
1768689960000,367860,long_pdl_bounce,long,94881.4,1.482032973787094,1.6025099913200673,0.13916210210957342,0.19220822123745157,0.43616683758595975,0.4713162928740257,1.4570217716419596,18.19891029084648,-0.15135041902536958,47.5502496479326,33.31520425429126,66.32065461812448,50.0,0.0,US,22,0.31114712194269306,1.5190520446105131,EXPIRE,0.1192,240,NEUTRAL
1768693560000,367920,long_pdl_bounce,long,94940.1,0.27099174666469,-0.21438011827056624,-0.5347293293960401,0.19015234333470424,0.44488194221059085,0.4909357740705727,1.436786629464697,21.63269335176209,-0.21966869007534318,46.41026293361179,31.99757608929376,62.631691891082056,50.0,0.0,US,23,0.5998651348805623,0.5000000001818989,EXPIRE,0.0458,240,NEUTRAL
1768700760000,368040,long_pdl_bounce,long,94784.1,0.9411804613868084,0.0031796769607056515,0.32336833754861355,0.19151409596396218,0.6500850074811949,0.5985960854490759,1.3557831473088091,39.98762451740142,-0.34051348610966753,37.26580002568509,33.007267085816636,53.78893028250562,50.0,0.0,ASIA,1,0.20041151279587757,0.6666666665049787,SL,-0.4853,24,FALSE
1768722360000,368400,long_pdl_bounce,long,94883.0,1.7925165414697135,-0.029746740966543412,0.6396806122737283,0.16112949486355133,0.8952873256783962,0.6708633123993102,1.2634327615435967,44.52427076991314,0.06462251584500484,37.319117114199855,38.45398170320042,37.58391116677824,50.0,0.0,ASIA,7,0.6001358695651462,0.3333333333333333,SL,-0.5891,24,FALSE
1768931160000,371880,long_pdl_bounce,long,89321.0,1.5480158418766157,0.6591302835882167,1.2433062335734202,0.6963030718130373,2.0633275568373173,3.8245056963017587,-1.2184960635083704,75.96015856656535,-1.5824884708765123,17.186281574193785,31.32876076403545,11.821376066325811,50.0,0.0,US,17,0.33950312689834355,1.1713332539019576,TP1,-0.0825,182,TRUE
1769273160000,377580,long_pdl_bounce,long,89024.9,0.8352929570535677,-0.4311612476063582,0.16704330314900448,0.1768546911670969,0.23440639430893462,0.6890773100460998,-2.11344018112729,47.798722923223565,-0.37576930114654117,29.21458060618191,33.22811535213283,21.817660356788778,50.0,0.0,US,16,0.5086263049929773,1129.0000005908078,SL,-0.4288,173,FALSE
1769283960000,377760,long_pdl_bounce,long,89153.4,0.35239723543422347,-0.5176410437800664,-0.8535300166558463,0.16318537441466613,0.22309325071578268,0.7238855761056479,-2.062378690728856,76.04719389105975,-0.041245086900019476,27.8981754441876,56.30099247695416,18.95306765586328,50.0,0.0,US,19,0.5996232302112824,268.4999999457941,EXPIRE,-0.3506,240,NEUTRAL
1769327160000,378480,long_pdl_bounce,long,88544.8,0.7425885556027667,-0.2705470979100947,0.20648193446695945,0.20244354705141218,1.1331349730557054,1.0051695274975427,-1.8317330408864883,72.32433783554676,-0.5789878500242861,19.32209519269483,37.24415642152386,21.15199870475736,50.0,0.0,ASIA,7,0.10046175568583071,0.3333333331716454,SL,-0.4798,3,FALSE
1769654760000,383940,long_pdl_bounce,long,87730.5,1.246572906470133,1.899687479182624,1.1512345721981607,0.8105053548275075,1.3419327532215037,2.3699378631770607,-0.3992093013305221,41.04829901039323,-1.3727828469292844,27.033176021556557,14.370088823777024,32.303938935039895,50.0,0.0,ASIA,2,0.33718770832662487,0.8528550512441098,EXPIRE,0.5629,240,NEUTRAL
1769683560000,384420,long_pdl_bounce,long,87744.2,1.5076637938648918,1.56790330066719,-0.06260430388165086,0.4835190150267098,0.9762349840555734,3.1334926539830645,-0.3812850526029063,79.55149037285481,-0.4175272206822729,30.298573515368076,40.963330523195175,23.52241406871778,50.0,0.0,EU,10,0.4006175682251021,1.4180790960506322,SL,-0.6275,24,FALSE
1770140760000,392040,long_pdl_bounce,long,74940.5,0.9833807353211721,1.3272340597855024,2.5692981452463814,1.0570010865342467,1.0714839353457886,4.918461875387123,-5.107818757746181,75.38786003540163,-4.051908631587044,24.070217639546627,22.84200883282317,33.217361663376664,50.0,0.0,US,17,0.37481297730911567,0.5788660050866473,SL,-0.6592,21,FALSE
1770727560000,401820,long_pdl_bounce,long,68380.4,3.7437696007031085,-0.016690967379807378,-0.1308420508788623,0.810981986747312,0.6922320612231032,4.248998855008131,-2.705407202664426,70.96865062473454,-0.45157269844541703,29.668765714021987,24.39072837563201,27.016543462942153,50.0,0.0,EU,12,0.29868879487122946,1.5288593436742401,TP2,1.4297,71,TRUE
1770803160000,403080,long_pdl_bounce,long,66606.2,1.1362797053592026,-0.9184776071155211,-0.33555777651503893,0.8098901738140738,0.9693958457348547,5.393849307450821,-2.7904023290419806,73.66031489066417,-1.9298999721211993,20.442742074803306,41.659462973014335,22.427722542481206,50.0,0.0,EU,9,0.32014105344537935,0.7245952798906032,TP2,1.3463,178,TRUE
1771181160000,409380,long_pdl_bounce,long,68358.8,2.1062469759519273,2.7045950129539404,2.652535423147981,0.7881687472796155,1.1581445341608774,3.831919725673669,0.7330679689281661,65.78556498712956,-1.2447231238731624,25.377673559297804,35.18570530567523,21.526675804216126,50.0,0.0,US,18,0.5420136563884329,0.2908236720466709,EXPIRE,0.7671,240,NEUTRAL
1771339560000,412020,long_pdl_bounce,long,66742.2,0.5037257954525393,2.121563688168827,4.146603813978989,0.7915079680996571,0.863275557691023,2.7521219820492453,-0.5774654035523451,58.57830646675377,-1.9104094853539006,20.084822961933924,29.81813599237553,26.21072671177403,50.0,0.0,US,14,0.23155962470231178,1.605188587062758,TP2,1.1955,71,TRUE
1771440360000,413700,long_pdl_bounce,long,66173.1,1.4008581559341715,0.36031043730355583,1.5720230570853986,0.8532271155728444,0.9000345278238546,2.4653175296656054,-0.8726269944586038,26.322121338645644,-1.6277817654406195,30.06470067424914,35.16437027933402,34.4711548119362,50.0,0.0,US,18,0.35753352444965825,0.2922769964475176,EXPIRE,0.1536,240,NEUTRAL
1771771560000,419220,long_pdl_bounce,long,67296.4,0.4679231377404099,2.504801208319239,3.1457369271489357,0.32277201092641794,0.8655397467724618,1.3268384544546727,0.14913795724250728,33.537822006676734,-0.7449731494140647,36.45281919285114,17.788127061558313,30.3361462195966,50.0,0.0,US,14,0.41957730190135517,0.47294605809120904,EXPIRE,0.2326,240,NEUTRAL
1772196360000,426300,long_pdl_bounce,long,65614.4,0.45993846530969873,0.3225829147552272,2.237265891335725,0.7734074528521946,0.8814578515139632,3.075255110335772,0.4119837942869487,39.516523771177276,-2.5571645924644173,25.775304007566675,10.488888888888724,26.5352972080601,50.0,0.0,EU,12,0.2100719161053494,1.693548387096996,SL,-0.3998,29,FALSE
1773841560000,453720,long_pdl_bounce,long,72219.4,1.8054134399167592,0.9852601666978216,1.9372775944361862,0.663383164423942,0.8025942789843504,3.6664124734500128,2.4658606862557964,54.76679897930275,-2.3690037599582014,24.881683503016887,9.90477009225971,29.12617730892407,50.0,0.0,EU,13,0.3290624085137449,0.9088118891850916,SL,-0.9115,43,FALSE
1773931560000,455220,long_pdl_bounce,long,69131.3,1.9156662215357338,1.972212725395766,1.2075503126504672,0.8472071232992204,0.9905456279647336,3.4731982370335883,-0.3138015958183171,48.030716858647196,-0.7186377575026979,32.574760504991445,38.15672043363563,25.067001627989484,50.0,0.0,US,14,0.4165920777337274,4.284783620290445,TP2,1.3455,205,TRUE
1773935160000,455280,long_pdl_bounce,long,68730.3,0.5689940132696774,1.8101772753397725,1.4785727266246849,0.9400559475106552,1.089646941124358,3.7129680303447405,-0.39917548727027663,51.81854165410616,-1.5606909364230783,30.283190595515194,47.53186192080063,22.71133022369625,50.0,0.0,US,15,0.33641326030390606,0.9782821365680359,NO_FILL,0.0,0,NEUTRAL
1774363560000,462420,long_pdl_bounce,long,69653.5,1.9187213858717849,2.9671505524537025,2.576726920523781,0.7252609036738497,0.5565344378863236,2.1855392419875996,-0.7036876698725331,21.033757558458536,-1.5419334974067909,39.092426010938915,20.341451814271906,35.07272854827052,50.0,0.0,US,14,0.5596243179443151,0.4883703078221644,SL,-0.7906,139,FALSE
1774514760000,464940,long_pdl_bounce,long,69885.5,2.6171730994073497,-0.6222779759570408,-0.6394095045020407,0.5477143506300933,0.8687456563648724,2.63658284126159,-0.2855562952180088,49.42412532242426,-1.2247187698758888,31.47563868570134,31.326604425395246,21.215100324207327,50.0,0.0,EU,8,0.7113511979206109,0.9615771658584601,SL,-0.6965,16,FALSE
1775375160000,479280,long_pdl_bounce,long,66634.6,0.5271856719068109,2.493981023041747,1.6497989969389815,0.2745302306934726,1.5224014249948974,1.0182071997632336,-0.3063179601440636,43.57905857494985,-0.39406722814340106,24.0142197523804,32.23245075973446,33.222281085016476,50.0,0.0,ASIA,7,0.6189244384655351,6.548387096825489,NO_FILL,0.0,0,NEUTRAL
1775569560000,482520,long_pdl_bounce,long,68140.6,0.462367434656332,0.4952967856071577,1.1973286413534125,0.5997856933173346,0.9828056028387511,2.8971146050808914,1.28275512483622,8.784009945966616,-0.5721271129992511,39.64866709958872,35.52129087009901,50.118914906623296,50.0,0.0,EU,13,0.39469069976172283,0.3764643938394334,TP1,0.8324,240,TRUE
1776239160000,493680,long_pdl_bounce,long,73494.3,0.5127324954708273,1.3849925207911935,0.34774792835236573,0.5916262409273503,1.019266102644133,2.4172824422361714,2.1170156411142194,45.34227151834458,-1.1832344054570525,32.171952513154764,26.417077966374094,31.093002039801334,50.0,0.0,ASIA,7,0.5206481633469645,0.10959144309961466,NO_FILL,0.0,0,NEUTRAL
1776534360000,498600,long_pdl_bounce,long,75736.8,0.5949010897801998,-0.8857891814554162,-0.9586460407575141,0.442236605429051,0.4975322280147161,2.647602730008798,2.43029707272775,67.80309967248544,-0.2768840483935664,20.983965445831586,28.55669550775403,24.447359684557455,50.0,0.0,US,17,0.6,0.6761517615192316,EXPIRE,-0.025,240,NEUTRAL
1776537960000,498660,long_pdl_bounce,long,75530.7,0.33859269044212775,1.4942270328680891,0.9138934719775519,0.4547433366028252,0.5477795762518116,2.7812164407363387,2.244180745463885,70.95679901650023,-0.728529162096331,15.657619052133484,20.216860533301713,23.64343605534947,50.0,0.0,US,18,0.8068046962888922,0.8235625704621907,EXPIRE,0.0676,240,NEUTRAL
1776566760000,499140,long_pdl_bounce,long,75506.4,0.5282589899853043,-0.5875178499816172,-0.9653836022914427,0.4079922871978108,0.9179279396336216,2.0625421629164333,2.015870685861558,65.8850029303576,-0.3416022064878267,22.87802607786739,36.87173696011524,38.5832125838189,50.0,0.0,ASIA,2,0.5223908120068633,1.7400169923533166,EXPIRE,-0.2232,240,NEUTRAL
1776595560000,499620,long_pdl_bounce,long,74913.8,2.633052856930383,0.1967440600965273,0.01743837127252354,0.39390121281232626,0.9388273173895918,1.4103839586316484,1.7423620100190447,70.34932107698012,-0.5843814453835865,31.394999335947546,62.37495406475789,31.85186271344533,50.0,0.0,EU,10,0.6564233258204765,0.014035087719094008,SL,-0.6431,173,FALSE
1777146360000,508800,long_pdl_bounce,long,77059.9,3.0631103995150086,-0.6207912433883808,0.47286755619307586,0.24086749393004817,0.49231116043719986,0.7712676952212641,1.0468224874197467,33.46368096801624,-0.4655324140844504,43.19751250915065,44.53826835886686,36.64384205301722,50.0,0.0,US,19,0.6001861986204863,0.5,NO_FILL,0.0,0,NEUTRAL
1777358760000,512340,long_pdl_bounce,long,76512.7,0.3842450855217813,1.421720461440214,-0.1985674672877182,0.43072024430209893,0.5822443229637143,2.012065741458088,0.3130531461505222,1.2912578483520223,-0.8524466778203297,52.64959319430011,48.32772337821291,59.012360293656485,50.0,0.0,ASIA,6,0.3506727437784313,3.1110406091313476,EXPIRE,-0.1788,240,NEUTRAL
1777373160000,512580,long_pdl_bounce,long,76453.1,0.4057350784314328,-0.4684068585732844,-0.4163259490248196,0.4398629235499255,0.8605972677855765,1.0774290860355407,0.23109251707369888,18.55945869641111,-0.3508086038824171,41.58582419961074,48.8436863739394,41.275212985302296,50.0,0.0,EU,10,0.26294989564345095,332.4999999326974,SL,-0.6187,118,FALSE
1778114760000,524940,long_pdl_bounce,long,80838.5,0.27314918555917495,0.22955715963943002,-0.9021324617114178,0.5569592201082698,1.0382670012633772,1.798415011812687,2.3027553382307135,36.893652483148394,-0.4132354325844006,26.851407375081948,34.377641084433975,44.522570457948675,50.0,0.0,ASIA,0,0.36405624803036074,0.36746124788342127,TP1,-0.0825,172,TRUE
